mean_fit_time,std_fit_time,mean_score_time,std_score_time,param_n_estimators,param_min_samples_split,param_min_samples_leaf,param_max_features,param_max_depth,params,split0_test_score,split1_test_score,split2_test_score,split3_test_score,split4_test_score,mean_test_score,std_test_score,rank_test_score
28.966686964035034,0.41409769555736103,0.7786795139312744,0.056485976802035,200,5,1,sqrt,,"{'n_estimators': 200, 'min_samples_split': 5, 'min_samples_leaf': 1, 'max_features': 'sqrt', 'max_depth': None}",0.9977816935999783,0.9976425903140582,0.9980189354681542,0.9977269246254992,0.997215481934635,0.997677125188465,0.00026250941136407027,1
14.544650459289551,0.37956499175333863,0.464432954788208,0.04267602847983684,100,2,1,sqrt,30,"{'n_estimators': 100, 'min_samples_split': 2, 'min_samples_leaf': 1, 'max_features': 'sqrt', 'max_depth': 30}",0.9977600046908801,0.9977186477777085,0.9978850329059891,0.9975466912801468,0.997235685930425,0.9976292125170299,0.00022459842337021978,2
14.419971561431884,1.3199305768262994,0.7353827476501464,0.14988266354867466,100,5,1,log2,30,"{'n_estimators': 100, 'min_samples_split': 5, 'min_samples_leaf': 1, 'max_features': 'log2', 'max_depth': 30}",0.997606532020919,0.9976977720183279,0.9979616833101947,0.997645042232325,0.9972314141554123,0.9976284887474357,0.0002341978375688336,3
40.42182898521423,1.5432757636346657,1.1862674713134767,0.07417514965133587,300,5,1,log2,,"{'n_estimators': 300, 'min_samples_split': 5, 'min_samples_leaf': 1, 'max_features': 'log2', 'max_depth': None}",0.9977373634924165,0.997638379746789,0.9978673474071593,0.9976126321771456,0.9972684680211407,0.9976248381689302,0.00019940146531761054,4
46.20878448486328,0.6649956157890059,1.1446299076080322,0.03496707201797261,300,5,1,sqrt,30,"{'n_estimators': 300, 'min_samples_split': 5, 'min_samples_leaf': 1, 'max_features': 'sqrt', 'max_depth': 30}",0.9977150691896919,0.9976091741775835,0.9981194890733032,0.9975786236952189,0.9971017491062328,0.997624821048406,0.0003252151468053282,5
28.201670265197755,0.2975798359154933,0.9394724369049072,0.09010659488426138,200,2,1,log2,20,"{'n_estimators': 200, 'min_samples_split': 2, 'min_samples_leaf': 1, 'max_features': 'log2', 'max_depth': 20}",0.9976927460299061,0.9975756370056768,0.9979452090250486,0.9976467129000336,0.997129257853103,0.9975979125627535,0.0002653763853300286,6
14.764692735671996,0.40929759347389993,0.46886601448059084,0.07867379327846753,100,10,1,sqrt,30,"{'n_estimators': 100, 'min_samples_split': 10, 'min_samples_leaf': 1, 'max_features': 'sqrt', 'max_depth': 30}",0.9974639497914546,0.9976005610660953,0.9979104674054795,0.9974647806797984,0.9972893674116812,0.9975458252709017,0.0002073655453650437,7
35.4351007938385,0.7455893306844414,0.9619252204895019,0.03053490441681717,200,10,1,sqrt,,"{'n_estimators': 200, 'min_samples_split': 10, 'min_samples_leaf': 1, 'max_features': 'sqrt', 'max_depth': None}",0.9975235305909276,0.997664158921757,0.9979514187947249,0.9974097902370003,0.9971603513317946,0.997541849975241,0.00026306755236957306,8
43.60313353538513,0.9842852002817102,1.3418092250823974,0.08383439051206559,300,10,1,log2,,"{'n_estimators': 300, 'min_samples_split': 10, 'min_samples_leaf': 1, 'max_features': 'log2', 'max_depth': None}",0.9976517734165511,0.9977306944053488,0.9977887558200496,0.9974768839718904,0.9968761945934388,0.9975048604414557,0.00033141648082077877,9
26.245571660995484,0.7315696972371613,0.6018841743469239,0.25812046224342206,200,10,1,log2,,"{'n_estimators': 200, 'min_samples_split': 10, 'min_samples_leaf': 1, 'max_features': 'log2', 'max_depth': None}",0.997589816776737,0.9976191510618855,0.9977895257979812,0.9974093785476587,0.9969724462208748,0.9974760636810274,0.00027919517090826496,10
109.32697267532349,99.21067358410875,0.8244393825531006,0.08318468632468823,200,10,2,sqrt,30,"{'n_estimators': 200, 'min_samples_split': 10, 'min_samples_leaf': 2, 'max_features': 'sqrt', 'max_depth': 30}",0.9974653638712363,0.9976317827530061,0.9977713874854234,0.9973940846835042,0.9968752237868919,0.9974275685160123,0.00030579381747214364,11
693.9344251155853,787.2095484494279,2.278290939331055,0.7738561396854658,400,2,2,log2,30,"{'n_estimators': 400, 'min_samples_split': 2, 'min_samples_leaf': 2, 'max_features': 'log2', 'max_depth': 30}",0.9974674380634645,0.9976026492280817,0.9977439321649659,0.9974111909119447,0.9967944163433782,0.9974039253423669,0.0003257863398788342,12
55.99123244285583,2.4865455976861446,1.9835457801818848,0.7702720252272472,400,2,2,log2,20,"{'n_estimators': 400, 'min_samples_split': 2, 'min_samples_leaf': 2, 'max_features': 'log2', 'max_depth': 20}",0.9974282795625407,0.9975502399124886,0.9977097688604503,0.9974283976029108,0.9968134984447734,0.9973860368766327,0.0003043498532709266,13
31.202475452423094,0.25203013269826696,0.8924318313598633,0.05077886389519137,200,2,2,sqrt,20,"{'n_estimators': 200, 'min_samples_split': 2, 'min_samples_leaf': 2, 'max_features': 'sqrt', 'max_depth': 20}",0.9974143058849536,0.9974874915736662,0.9976764545515111,0.9973611894745043,0.9968787328259905,0.9973636348621252,0.0002649151411995681,14
12.324993515014649,0.7399768874508534,0.5501991748809815,0.041720249960057625,100,10,2,log2,,"{'n_estimators': 100, 'min_samples_split': 10, 'min_samples_leaf': 2, 'max_features': 'log2', 'max_depth': None}",0.9973587248743391,0.9975454124498221,0.9976076880214604,0.9972410174518046,0.9968809352475209,0.9973267556089894,0.0002584038291682535,15
30.542698478698732,0.6474562578202027,0.8405068397521973,0.07906198521048072,200,10,4,sqrt,,"{'n_estimators': 200, 'min_samples_split': 10, 'min_samples_leaf': 4, 'max_features': 'sqrt', 'max_depth': None}",0.9973973162943802,0.9975119865999944,0.9974925824888963,0.9972010273252223,0.9967076766181273,0.9972621178653241,0.0002983166415694242,16
49.332492685317995,2.6924909554305687,1.3484004020690918,0.10080404429400915,400,2,4,log2,30,"{'n_estimators': 400, 'min_samples_split': 2, 'min_samples_leaf': 4, 'max_features': 'log2', 'max_depth': 30}",0.9972459700124146,0.9974451714178183,0.9975536927664445,0.997222630497383,0.9965754306817323,0.9972085790751585,0.000339868153633702,17
67.6435357093811,15.208813919452881,2.1906407356262205,0.4521313153584143,300,10,4,log2,30,"{'n_estimators': 300, 'min_samples_split': 10, 'min_samples_leaf': 4, 'max_features': 'log2', 'max_depth': 30}",0.9973188986456977,0.9974451714178183,0.9974479599128039,0.9971291901809632,0.9966789965220506,0.9972040433358667,0.0002870912545182136,18
16.543956184387206,0.14894233902877488,0.594457483291626,0.030221344842362056,100,5,4,sqrt,20,"{'n_estimators': 100, 'min_samples_split': 5, 'min_samples_leaf': 4, 'max_features': 'sqrt', 'max_depth': 20}",0.9973357104714423,0.9975159904721252,0.9973164603055829,0.9972040449706934,0.996554404088434,0.9971853220616556,0.0003309270453613389,19
47.93017134666443,2.681556206805174,1.385401153564453,0.046911301622652224,400,2,1,sqrt,10,"{'n_estimators': 400, 'min_samples_split': 2, 'min_samples_leaf': 1, 'max_features': 'sqrt', 'max_depth': 10}",0.9948064851288418,0.9949537142159327,0.9951252756234266,0.9946927815208867,0.9940737391486194,0.9947303991275416,0.00035894388629642793,20
53.815108394622804,1.5366062050695743,1.0036179065704345,0.21514921643483959,200,2,1,sqrt,10,"{'n_estimators': 200, 'min_samples_split': 2, 'min_samples_leaf': 1, 'max_features': 'sqrt', 'max_depth': 10}",0.9947339777283718,0.9949537021265316,0.9950892095891122,0.9946572306587224,0.9941097954701354,0.9947087831145748,0.00033668627753640737,21
27.303439140319824,0.17752334891456065,0.8780416488647461,0.06482501363540201,200,5,1,sqrt,10,"{'n_estimators': 200, 'min_samples_split': 5, 'min_samples_leaf': 1, 'max_features': 'sqrt', 'max_depth': 10}",0.9948745651673032,0.9947800514325579,0.9948855107512555,0.994659242723899,0.9941451351933436,0.9946689010536719,0.0002742246725694071,22
11.783598136901855,0.9209584535043056,0.8247068881988525,0.02801990847603632,100,2,2,sqrt,10,"{'n_estimators': 100, 'min_samples_split': 2, 'min_samples_leaf': 2, 'max_features': 'sqrt', 'max_depth': 10}",0.994737310114323,0.9947088006242271,0.9947736334151477,0.9946236925256551,0.9939368061527625,0.9945560485664231,0.0003135503080533394,23
19.702451753616334,0.16557395042325643,1.0766908168792724,0.10549627293807426,200,5,1,log2,10,"{'n_estimators': 200, 'min_samples_split': 5, 'min_samples_leaf': 1, 'max_features': 'log2', 'max_depth': 10}",0.9947327095176918,0.9947136651045709,0.9949168297316934,0.994624742236806,0.9936581126430629,0.994529211846765,0.00044578510724697153,24
10.960544967651368,0.5768069603132346,0.5763431549072265,0.077305541208074,100,10,1,log2,10,"{'n_estimators': 100, 'min_samples_split': 10, 'min_samples_leaf': 1, 'max_features': 'log2', 'max_depth': 10}",0.9947039557636723,0.9946422335392173,0.9949174648201492,0.9945874452331647,0.9936575982442175,0.9945017395200842,0.0004366640508614551,25
